Vehicle_ID,Frame_ID,Local_Y,v_Vel,v_Acc,Lane_ID
175,1675,"1,815.169",24.96,1.33,3
175,1676,"1,817.683",25.04,-0.21,3
175,1677,"1,820.187",25.02,-0.25,3
175,1678,"1,822.685",25.0,0.0,3
175,1679,"1,825.185",25.0,0.0,3
175,1680,"1,827.673",25.11,1.69,3
175,1688,"1,849.39",29.9,2.06,3
175,1689,"1,852.407",30.03,-0.07,3
175,1690,"1,855.411",30.02,-0.25,3
175,1691,"1,858.41",30.0,0.0,3
175,1692,"1,861.41",30.0,0.0,3
175,1693,"1,864.41",30.0,0.0,3
175,1694,"1,867.41",30.0,0.0,3
175,1695,"1,870.409",30.0,0.0,3
175,1696,"1,873.409",30.0,0.0,3
175,1697,"1,876.409",30.0,0.0,3
175,1698,"1,879.409",30.0,0.0,3
175,1699,"1,882.411",29.98,-0.25,3
175,1700,"1,885.407",29.97,-0.07,3
175,1701,"1,888.393",30.07,1.56,3
175,1709,"1,914.544",35.44,1.66,3
175,1721,"1,951.879",29.88,2.13,3
175,1722,"1,954.894",30.01,-0.04,3
175,1723,"1,957.897",30.0,-0.26,3
175,1724,"1,960.894",29.99,0.0,3
175,1725,"1,963.893",29.99,0.0,3
175,1726,"1,966.891",29.98,0.0,3
175,1727,"1,969.89",29.99,0.0,3
175,1728,"1,972.888",29.99,0.0,3
175,1729,"1,975.887",29.99,0.0,3
175,1730,"1,978.886",29.99,0.0,3
175,1731,"1,981.884",29.99,0.0,3
175,1732,"1,984.883",29.98,0.0,3
175,1733,"1,987.881",29.98,0.0,3
175,1734,"1,990.879",29.98,0.0,3
175,1735,"1,993.878",29.99,0.0,3
175,1736,"1,996.878",29.97,-0.24,3
175,1737,"1,999.872",29.96,-0.05,3
175,1738,"2,002.854",30.09,2.11,3
175,1739,"2,005.884",30.2,0.89,3
175,1740,"2,008.904",30.25,0.52,3
175,1745,"2,025.241",35.02,-0.04,3
175,1746,"2,028.745",35.01,-0.26,3
175,1747,"2,032.243",35.0,0.0,3
175,1748,"2,035.743",35.0,0.0,3
175,1749,"2,039.243",35.0,0.0,3
175,1750,"2,042.742",35.0,0.0,3
175,1751,"2,046.242",35.0,0.0,3
175,1752,"2,049.742",35.0,0.0,3
175,1753,"2,053.242",35.0,0.0,3
175,1754,"2,056.743",34.98,-0.26,3
175,1755,"2,060.238",34.97,-0.04,3
175,1756,"2,063.725",35.07,1.65,3
175,1763,"2,089.723",38.96,-1.61,3
175,1764,"2,093.612",38.94,-1.2,3
175,1765,"2,097.479",39.04,2.83,3
175,1768,"2,109.371",40.07,0.65,3
175,1769,"2,113.382",40.1,0.34,3
175,1770,"2,117.401",40.08,-0.66,3
175,1771,"2,121.41",40.0,-1.28,3
175,1772,"2,125.4",39.92,-0.65,3
175,1773,"2,129.381",39.91,0.54,3
175,1774,"2,133.37",39.97,0.98,3
175,1775,"2,137.375",40.04,0.44,3
175,1776,"2,141.385",40.05,-0.17,3
175,1777,"2,145.391",40.03,-0.34,3
175,1778,"2,149.392",40.01,-0.18,3
175,1779,"2,153.391",40.01,0.0,3
175,1780,"2,157.39",40.01,0.0,3
175,1781,"2,161.39",40.01,0.0,3
194,919,252.594,26.12,0.94,1
194,920,255.214,26.17,0.42,1
194,921,257.838,26.17,-0.52,1
194,922,260.457,26.11,-1.01,1
194,923,263.06,26.04,-0.4,1
194,924,265.655,26.05,0.55,1
194,925,268.259,26.13,1.13,1
194,926,270.876,26.25,1.41,1
194,927,273.51,26.37,1.13,1
194,928,276.157,26.46,0.55,1
194,929,278.808,26.49,0.1,1
194,930,281.459,26.5,-0.04,1
194,931,284.112,26.47,-0.5,1
194,932,286.75,26.47,0.29,1
194,940,311.7,35.94,1.04,1
194,941,315.308,36.01,0.0,1
194,942,318.906,36.04,0.5,1
194,943,322.522,36.0,-0.93,1
194,950,345.218,28.58,-2.1,1
194,951,348.048,28.45,0.12,1
194,952,350.894,28.45,-0.07,1
194,953,353.733,28.51,0.82,1
194,959,371.885,32.0,0.79,1
194,960,375.095,32.06,0.0,1
194,961,378.296,32.11,0.91,1
194,962,381.516,32.14,0.18,1
194,970,403.941,23.96,-0.15,1
194,971,406.331,23.96,0.33,1
194,972,408.734,23.96,-0.39,1
194,973,411.123,23.97,0.39,1
194,974,413.508,24.14,2.59,1
194,982,435.37,30.18,0.72,1
194,983,438.41,30.18,-1.55,1
194,984,441.418,30.06,-0.96,1
194,985,444.411,30.0,0.0,1
194,986,447.411,30.0,0.0,1
194,987,450.411,30.0,0.0,1
194,988,453.411,30.0,0.0,1
194,989,456.411,30.0,0.0,1
194,990,459.411,30.0,0.0,1
194,991,462.411,30.0,0.0,1
194,992,465.411,30.0,0.0,1
194,993,468.411,30.0,-0.04,1
194,994,471.413,29.97,-0.37,1
194,995,474.408,29.95,-0.3,1
194,996,477.391,30.02,1.34,1
194,1000,489.772,32.11,2.85,1
194,1004,502.44,31.24,2.88,1
194,1009,518.584,33.03,1.14,1
194,1013,531.414,30.76,-1.65,1
194,1021,556.411,30.04,-1.3,1
194,1022,559.396,29.96,0.23,1
194,1023,562.393,29.98,0.25,1
194,1024,565.394,30.0,0.0,1
194,1025,568.394,30.0,0.0,1
194,1026,571.394,30.0,0.0,1
194,1027,574.394,30.0,0.0,1
194,1028,577.394,30.0,0.0,1
194,1029,580.394,30.0,0.03,1
194,1030,583.394,30.0,0.0,1
194,1031,586.395,30.0,0.0,1
194,1032,589.396,30.0,0.0,1
194,1033,592.396,30.0,0.0,1
194,1034,595.396,30.0,0.0,1
194,1035,598.396,30.0,0.0,1
194,1036,601.396,30.0,0.0,1
194,1037,604.396,30.0,0.0,1
194,1038,607.396,30.0,0.0,1
194,1039,610.396,30.0,0.0,1
194,1040,613.396,30.01,0.05,1
194,1041,616.397,30.01,0.03,1
194,1042,619.398,30.01,-0.03,1
194,1043,622.399,30.01,-0.06,1
194,1044,625.4,30.0,-0.03,1
194,1045,628.399,30.0,0.0,1
194,1046,631.399,30.0,0.0,1
194,1047,634.4,30.0,0.0,1
194,1048,637.4,30.0,0.0,1
194,1049,640.4,30.0,0.0,1
194,1050,643.401,29.98,-0.26,1
194,1051,646.398,29.96,-0.22,1
194,1052,649.38,30.07,1.82,1
194,1055,658.565,30.89,-0.54,1
194,1056,661.669,30.8,-2.83,1
194,1057,664.712,30.8,1.42,1
194,1066,695.703,37.74,0.54,1
194,1067,699.484,37.77,-0.08,1
194,1068,703.262,37.76,-0.14,1
194,1069,707.045,37.66,-1.39,1
194,1074,725.285,35.14,-2.45,1
194,1075,728.773,34.98,-0.56,1
194,1076,732.262,34.95,0.11,1
194,1077,735.757,34.96,0.19,1
194,1078,739.254,34.98,0.2,1
194,1079,742.755,34.98,-0.16,1
194,1080,746.253,34.95,-0.38,1
194,1081,749.733,35.05,1.66,1
194,1087,772.233,39.95,1.67,1
194,1088,776.252,40.05,-0.37,1
194,1089,780.255,40.01,-0.33,1
194,1090,784.253,39.98,-0.15,1
194,1091,788.25,39.98,-0.07,1
194,1092,792.247,39.98,0.07,1
194,1093,796.244,39.98,0.15,1
194,1094,800.243,40.0,0.08,1
194,1095,804.244,40.0,0.0,1
194,1096,808.244,40.0,0.0,1
194,1097,812.244,40.0,0.0,1
194,1098,816.244,39.99,-0.17,1
194,1099,820.243,39.96,-0.32,1
194,1100,824.231,40.0,0.75,1
194,1106,849.245,43.42,1.15,1
194,1107,853.6,43.5,0.1,1
194,1108,857.954,43.48,-0.32,1
194,1109,862.312,43.33,-2.19,1
194,1114,883.181,40.05,-2.75,1
194,1115,887.154,39.9,0.0,1
194,1116,891.136,39.92,0.81,1
194,1117,895.136,39.96,0.13,1
194,1118,899.136,39.96,-0.24,1
194,1119,903.119,40.05,1.54,1
194,1123,919.454,41.62,1.5,1
194,1124,923.637,41.68,-0.43,1
194,1125,927.804,41.65,-0.57,1
194,1126,931.957,41.69,1.05,1
194,1132,958.008,44.98,0.86,1
194,1133,962.517,45.03,0.04,1
194,1134,967.023,45.03,-0.25,1
194,1135,971.524,45.01,-0.16,1
194,1136,976.023,45.0,0.0,1
194,1137,980.523,45.0,0.0,1
194,1138,985.023,45.0,0.0,1
194,1139,989.525,44.98,-0.27,1
194,1140,994.022,44.96,-0.24,1
194,1141,998.505,45.05,1.55,1
194,1144,"1,012.185",46.23,2.63,1
194,1145,"1,016.858",46.22,-2.99,1
194,1148,"1,030.508",45.1,0.13,1
194,1158,"1,079.968",54.85,-1.29,1
194,1164,"1,111.441",50.04,-1.79,1
194,1165,"1,116.424",49.9,-0.41,1
194,1166,"1,121.404",49.92,0.49,1
194,1181,"1,196.374",49.95,0.85,1
194,1182,"1,201.38",50.0,0.0,1
194,1183,"1,206.38",50.0,0.0,1
194,1184,"1,211.38",50.0,0.0,1
194,1185,"1,216.38",50.0,0.0,1
194,1186,"1,221.38",50.0,0.0,1
194,1187,"1,226.385",49.96,-0.63,1
194,1188,"1,231.365",50.01,1.08,1
194,1209,"1,343.465",52.5,1.55,1
194,1210,"1,348.741",52.52,-1.15,1
194,1214,"1,369.476",50.94,-2.89,1
194,1215,"1,374.54",50.75,-0.73,1
194,1216,"1,379.604",50.71,0.16,1
194,1217,"1,384.676",50.72,0.08,1
194,1218,"1,389.749",50.72,-0.05,1
194,1219,"1,394.821",50.72,0.0,1
194,1220,"1,399.892",50.72,0.0,1
194,1221,"1,404.964",50.72,0.0,1
194,1222,"1,410.036",50.72,0.0,1
194,1223,"1,415.108",50.72,0.0,1
194,1224,"1,420.179",50.72,0.0,1
194,1225,"1,425.251",50.72,0.0,1
194,1226,"1,430.323",50.71,-0.06,1
194,1227,"1,435.395",50.71,-0.11,1
194,1228,"1,440.464",50.7,-0.06,1
194,1229,"1,445.535",50.69,-0.15,1
194,1230,"1,450.602",50.68,-0.04,1
194,1231,"1,455.66",50.77,1.39,1
194,1234,"1,471.003",51.57,1.93,1
194,1235,"1,476.171",51.8,1.79,1
194,1238,"1,491.878",52.5,-1.82,1
194,1245,"1,527.481",51.27,0.34,1
194,1246,"1,532.597",51.51,2.96,1
194,1249,"1,548.275",52.99,2.48,1
194,1250,"1,553.609",53.13,-0.35,1
194,1251,"1,558.92",53.11,-0.24,1
194,1252,"1,564.225",53.12,0.48,1
194,1253,"1,569.551",53.06,-1.19,1
194,1260,"1,604.461",46.77,0.08,1
194,1262,"1,613.821",47.15,2.74,1
194,1263,"1,618.549",47.44,2.71,1
194,1266,"1,632.956",48.72,0.0,1
194,1267,"1,637.956",48.72,0.0,1
194,1268,"1,643.448",48.72,0.0,1
197,1112,143.895,26.58,0.57,2
197,1113,146.55,26.6,-0.28,2
197,1114,149.201,26.59,-0.14,2
197,1115,151.854,26.6,0.16,2
197,1116,154.511,26.58,-0.34,2
197,1117,157.171,26.46,-1.81,2
197,1121,167.46,25.13,-1.55,2
197,1122,169.95,25.04,-0.1,2
197,1123,172.455,24.93,-1.39,2
197,1127,182.101,23.41,-1.54,2
197,1128,184.424,23.23,-1.28,2
197,1129,186.743,23.02,-2.63,2
197,1130,189.029,22.78,-2.85,2
197,1131,191.28,22.59,-1.28,2
197,1132,193.516,22.51,0.2,2
197,1133,195.771,22.44,-1.05,2
197,1138,206.372,20.04,-1.29,2
197,1139,208.352,19.97,0.24,2
197,1140,210.344,19.99,0.26,2
197,1141,212.341,20.0,0.0,2
197,1142,214.335,20.02,0.25,2
197,1143,216.334,20.04,0.23,2
197,1144,218.345,19.95,-1.55,2
197,1148,225.994,18.42,-1.27,2
197,1149,227.822,18.27,-1.06,2
197,1153,234.757,16.26,-2.67,2
197,1154,236.335,16.19,1.85,2
197,1172,263.56,3.36,2.42,2
197,1174,264.286,3.94,1.77,2
197,1175,264.698,4.05,0.32,2
197,1176,265.107,4.07,-0.16,2
197,1177,265.512,4.05,-0.08,2
197,1178,265.915,4.05,0.0,2
197,1179,266.319,4.05,0.0,2
197,1180,266.723,4.05,0.0,2
197,1181,267.128,4.05,0.0,2
197,1182,267.532,4.05,0.0,2
197,1183,267.936,4.05,0.0,2
197,1184,268.34,4.05,0.0,2
197,1185,268.744,4.05,0.0,2
197,1186,269.148,4.05,0.0,2
197,1187,269.552,4.05,0.0,2
197,1188,269.956,4.05,0.0,2
197,1189,270.36,4.05,0.0,2
197,1190,270.765,4.05,0.0,2
197,1191,271.169,4.05,0.0,2
197,1192,271.573,4.05,0.0,2
197,1193,271.977,4.05,0.0,2
197,1194,272.381,4.05,0.0,2
197,1195,272.785,4.05,0.0,2
197,1196,273.189,4.05,0.0,2
197,1197,273.593,4.05,0.0,2
197,1198,273.997,4.05,0.0,2
197,1199,274.401,4.05,0.0,2
197,1200,274.806,4.05,0.0,2
197,1201,275.208,4.06,0.21,2
197,1202,275.614,4.09,0.39,2
197,1203,276.033,4.05,-0.92,2
197,1724,278.595,2.18,2.64,2
197,1725,278.824,2.46,2.83,2
197,1732,282.084,7.25,2.5,2
197,1734,283.584,7.85,-2.65,2
197,1740,289.831,12.51,2.34,2
197,1745,296.718,14.92,1.05,2
197,1746,298.218,15.07,1.04,2
197,1752,308.216,18.26,1.07,2
197,1753,310.048,18.42,1.3,2
197,1757,317.714,19.91,1.3,2
197,1758,319.713,20.09,1.3,2
197,1762,328.046,21.58,1.29,2
197,1763,330.211,21.75,-0.68,2
197,1775,361.682,25.12,-2.15,2
197,1776,364.151,25.39,-2.72,2
197,1779,371.938,26.61,1.51,2
197,1780,374.606,26.7,1.7,2
197,1784,385.164,26.97,1.46,2
197,1786,390.547,27.51,-2.36,2
197,1787,393.3,27.8,2.75,2
197,1788,396.082,28.04,2.35,2
197,1789,398.888,28.22,1.27,2
197,1790,401.702,28.4,2.18,2
197,1794,413.26,29.98,-1.95,2
197,1797,422.206,29.99,-1.58,2
197,1798,425.186,29.97,-0.17,2
197,1799,428.152,30.05,1.56,2
197,1802,437.269,31.22,2.83,2
197,1808,454.075,28.66,0.0,2
197,1809,457.161,32.39,0.0,2
197,1811,464.179,36.81,-2.75,2
197,1814,474.812,34.2,2.08,2
197,1815,478.229,34.16,-0.24,2
197,1816,481.646,34.15,-0.45,2
197,1817,485.047,34.23,0.17,2
197,1821,499.046,35.82,-2.16,2
197,1824,509.826,35.44,-1.71,2
197,1826,516.829,34.76,-1.85,2
197,1827,520.277,34.59,0.85,2
197,1828,523.726,34.56,0.25,2
197,1829,527.183,34.57,-0.07,2
197,1830,530.641,34.55,-0.3,2
197,1831,534.094,34.53,-0.34,2
197,1832,537.527,34.65,2.11,2
197,1838,560.07,40.5,2.12,2
197,1839,564.15,40.63,-0.3,2
197,1840,568.212,40.6,-0.3,2
197,1841,572.269,40.58,0.0,2
197,1842,576.327,40.58,0.0,2
197,1843,580.384,40.58,0.0,2
197,1844,584.442,40.58,0.0,2
197,1845,588.5,40.58,0.0,2
197,1846,592.558,40.58,0.0,2
197,1847,596.616,40.58,0.0,2
197,1848,600.674,40.58,0.0,2
197,1849,604.735,40.55,-0.42,2
197,1850,608.785,40.53,-0.42,2
197,1866,678.783,48.88,0.37,2
197,1867,683.678,48.77,-2.3,2
197,1871,702.877,47.28,-2.31,2
197,1872,707.583,47.15,-0.43,2
197,1873,712.291,47.13,0.19,2
197,1874,717.004,47.14,0.13,2
197,1875,721.718,47.16,0.1,2
197,1876,726.435,47.15,-0.17,2
197,1877,731.154,47.08,-1.07,2
197,1878,735.863,46.92,-2.25,2
197,1879,740.547,46.68,-2.8,2
197,1880,745.197,46.44,-2.26,2
197,1882,754.204,42.73,-2.49,2
197,1883,758.419,40.97,0.0,2
197,1887,775.483,46.15,-0.82,2
197,1888,780.051,46.25,1.69,2
197,1893,803.368,47.05,-1.49,2
197,1896,817.459,47.9,2.78,2
197,1897,822.261,47.97,-2.24,2
197,1898,827.028,47.9,1.75,2
198,494,112.403,34.93,1.66,4
198,495,115.918,35.03,-0.12,4
198,496,119.422,35.01,-0.27,4
198,497,122.92,35.0,0.0,4
198,498,126.419,35.0,0.0,4
198,499,129.919,35.0,0.0,4
198,500,133.419,35.0,0.0,4
198,501,136.919,35.0,0.0,4
198,502,140.418,35.0,0.0,4
198,503,143.92,34.98,-0.24,4
198,504,147.416,34.97,-0.14,4
198,505,150.902,35.06,1.47,4
198,507,157.967,35.59,2.08,4
198,508,161.55,35.64,-0.82,4
198,513,180.33,39.93,1.48,4
198,514,184.343,40.02,-0.14,4
198,515,188.346,40.0,-0.26,4
198,516,192.342,39.98,0.0,4
198,517,196.341,39.99,0.03,4
198,518,200.341,39.97,-0.25,4
198,519,204.336,39.96,-0.12,4
198,520,208.317,40.09,2.16,4
198,534,267.866,41.48,-0.42,4
198,539,289.759,45.84,1.41,4
198,540,294.347,46.04,2.31,4
198,541,298.961,46.23,2.34,4
198,542,303.614,46.27,-0.88,4
198,545,317.368,45.2,-2.83,4
198,546,321.858,45.01,-0.62,4
198,547,326.35,44.98,0.19,4
198,548,330.849,44.99,0.13,4
198,549,335.35,45.0,0.0,4
198,556,365.873,44.99,0.0,4
198,557,370.372,44.99,0.0,4
198,558,374.871,44.99,0.0,4
198,559,379.369,44.99,0.0,4
198,560,383.87,44.97,-0.24,4
198,561,388.365,44.96,-0.12,4
198,562,392.85,45.05,1.48,4
198,570,430.795,49.86,2.61,4
198,571,435.809,50.03,0.46,4
198,572,440.82,50.06,-0.17,4
198,573,445.822,50.06,0.28,4
198,574,450.835,50.04,-0.48,4
198,580,479.453,44.88,-2.16,4
198,581,483.928,44.58,-2.08,4
198,582,488.371,44.35,-2.5,4
198,587,511.598,48.69,-0.7,4
198,588,516.446,48.8,2.48,4
198,590,526.272,49.21,0.18,4
198,594,545.583,47.5,1.77,4
198,599,570.448,51.64,1.04,4
198,600,575.634,51.65,-1.13,4
198,601,580.803,51.44,-2.65,4
198,603,591.026,51.01,-0.96,4
198,609,622.527,53.94,-1.77,4
198,610,627.914,53.9,-1.35,4
198,611,633.289,53.88,0.94,4
198,612,638.681,53.78,-0.15,4
198,617,664.674,50.08,-2.3,4
198,618,669.653,49.94,0.0,4
198,619,674.632,50.08,2.29,4
198,625,706.121,54.88,2.59,4
198,631,740.166,58.58,1.47,4
198,632,746.044,58.67,-0.14,4
198,633,751.911,58.65,-0.21,4
198,634,757.774,58.65,0.09,4
198,635,763.637,58.67,0.29,4
198,636,769.507,58.68,0.11,4
198,637,775.375,58.69,0.1,4
198,638,781.235,58.8,1.59,4
198,642,805.136,60.77,1.56,4
198,647,834.535,56.25,-2.26,4
198,652,863.422,59.45,1.33,4
198,653,869.39,59.47,-0.85,4
198,654,875.341,59.3,-2.35,4
198,655,881.264,59.08,-2.75,4
198,656,887.149,58.9,-1.14,4
198,657,893.037,58.71,-1.72,4
198,1278,222.892,13.85,2.78,4
198,1279,224.326,13.9,-2.53,4
198,1280,225.707,13.73,-2.36,4
198,1281,227.04,13.74,2.23,4
198,1286,234.553,16.15,0.47,4
198,1294,245.439,11.27,-0.21,4
198,1296,247.697,11.6,2.07,4
198,1297,248.897,11.57,-2.26,4
198,1301,252.923,8.88,1.07,4
198,1308,261.115,13.66,1.15,4
198,1315,268.909,8.72,-2.6,4
198,1316,269.734,8.72,2.66,4
198,1320,273.634,10.42,-0.72,4
198,1324,277.248,7.49,-1.77,4
198,1327,279.62,8.57,0.51,4
198,1334,284.016,5.47,-1.08,4
198,1336,285.084,5.05,-2.04,4
198,1337,285.556,5.01,1.26,4
198,1345,290.569,5.68,0.0,4
198,1351,294.521,6.38,-1.18,4
198,1356,298.545,9.95,1.86,4
198,1357,299.567,10.05,-0.34,4
198,1358,300.57,10.03,-0.26,4
198,1359,301.57,10.01,0.04,4
198,1360,302.572,10.01,-0.06,4
198,1361,303.573,10.0,-0.11,4
198,1362,304.582,9.9,-1.55,4
198,1363,305.573,9.67,-3.0,4
198,1366,308.342,8.77,-2.72,4
198,1367,309.196,8.63,-1.11,4
198,1368,310.03,8.74,2.89,4
198,1371,312.852,9.95,1.55,4
198,1372,313.868,10.04,-0.23,4
198,1373,314.871,10.02,-0.25,4
198,1374,315.87,10.0,0.0,4
198,1375,316.869,10.0,0.0,4
198,1376,317.869,10.0,0.0,4
198,1377,318.869,10.0,0.0,4
198,1378,319.869,10.0,0.0,4
198,1379,320.87,10.0,0.0,4
198,1380,321.87,10.0,0.0,4
198,1381,322.869,10.0,0.0,4
198,1382,323.87,10.0,0.0,4
198,1383,324.869,10.0,0.0,4
198,1384,325.87,10.0,0.0,4
198,1385,326.869,10.0,0.0,4
198,1386,327.87,10.0,0.0,4
198,1387,328.87,10.0,0.0,4
198,1388,329.869,10.0,0.0,4
198,1389,330.869,10.0,0.0,4
198,1390,331.869,10.0,0.0,4
198,1391,332.869,10.0,0.0,4
198,1392,333.87,10.0,0.0,4
198,1393,334.87,10.0,0.0,4
198,1394,335.873,9.97,-0.56,4
198,1395,336.87,9.89,-1.04,4
198,1396,337.85,9.83,-0.5,4
198,1397,338.825,9.83,0.5,4
198,1398,339.804,9.9,1.29,4
198,1399,340.803,10.0,0.78,4
198,1400,341.823,9.95,-1.55,4
198,1403,344.644,8.74,-2.89,4
198,1404,345.466,8.74,2.86,4
198,1407,348.287,9.95,1.56,4
198,1408,349.303,10.04,-0.24,4
198,1409,350.307,10.02,-0.26,4
198,1410,351.305,10.0,0.0,4
198,1411,352.305,10.0,0.0,4
198,1412,353.305,10.0,0.0,4
198,1413,354.305,10.0,0.0,4
198,1414,355.305,10.0,0.0,4
198,1415,356.305,10.0,0.0,4
198,1416,357.305,10.0,0.0,4
198,1417,358.305,10.0,0.0,4
198,1418,359.306,10.0,0.0,4
198,1419,360.305,10.0,0.0,4
198,1420,361.305,10.0,0.0,4
198,1421,362.305,10.0,0.0,4
198,1422,363.305,10.0,0.0,4
198,1423,364.305,10.0,0.0,4
198,1424,365.305,10.0,0.0,4
198,1425,366.305,10.0,0.0,4
198,1426,367.305,10.0,0.0,4
198,1427,368.305,10.0,0.0,4
198,1428,369.305,10.0,0.0,4
198,1429,370.305,10.0,0.0,4
198,1430,371.305,10.0,0.0,4
198,1431,372.307,9.98,-0.27,4
198,1432,373.304,9.96,-0.25,4
198,1433,374.289,10.04,1.3,4
198,1437,378.673,12.11,2.86,4
198,1440,382.272,11.73,1.09,4
198,1442,384.654,11.95,-0.31,4
198,1446,389.069,10.05,-1.56,4
198,1447,390.053,9.96,0.24,4
198,1448,391.049,9.98,0.26,4
198,1449,392.051,10.0,0.0,4
198,1450,393.051,10.0,0.0,4
198,1451,394.051,10.0,0.0,4
198,1452,395.051,10.0,0.0,4
198,1453,396.05,10.0,0.0,4
198,1454,397.051,10.0,0.0,4
198,1455,398.049,10.02,0.26,4
198,1456,399.053,10.04,0.23,4
198,1457,400.067,9.96,-1.31,4
198,1464,405.55,5.64,0.0,4
198,1468,408.212,7.97,2.69,4
198,1473,411.57,5.04,-1.5,4
198,1474,412.051,4.95,0.38,4
198,1475,412.55,4.97,0.0,4
198,1476,413.049,4.96,-0.24,4
198,1477,413.533,5.05,1.53,4
198,1497,426.669,9.95,1.67,4
198,1498,427.689,10.04,-0.37,4
198,1499,428.691,10.01,-0.26,4
198,1500,429.689,10.0,0.0,4
198,1501,430.689,10.0,0.0,4
198,1505,435.216,12.49,-1.53,4
198,1508,438.817,11.26,-2.83,4
198,1511,441.997,10.0,-2.06,4
198,1512,442.968,9.91,0.45,4
198,1513,443.949,10.04,2.16,4
198,1516,447.09,10.87,1.86,4
198,1517,448.195,10.99,0.46,4
198,1518,449.301,11.02,-0.13,4
198,1519,450.402,11.01,-0.09,4
198,1520,451.502,11.0,0.0,4
198,1521,452.602,11.0,0.0,4
198,1522,453.702,11.0,0.0,4
198,1523,454.802,11.0,0.0,4
198,1524,455.902,11.0,0.0,4
198,1525,457.002,11.0,0.0,4
198,1526,458.102,11.0,0.0,4
198,1527,459.202,11.0,0.0,4
198,1528,460.302,11.0,0.0,4
198,1529,461.4,11.02,0.25,4
198,1530,462.502,11.05,0.41,4
198,1531,463.621,10.97,-1.49,4
198,1537,468.796,6.29,-1.47,4
198,1538,469.402,6.2,0.4,4
198,1539,470.025,6.23,0.23,4
198,1540,470.652,6.25,0.0,4
198,1541,471.277,6.25,0.0,4
198,1542,471.902,6.25,0.0,4
198,1543,472.527,6.25,0.0,4
198,1544,473.151,6.25,0.0,4
198,1545,473.776,6.25,0.0,4
198,1546,474.402,6.25,0.0,4
198,1547,475.027,6.25,0.0,4
198,1548,475.655,6.21,-0.57,4
198,1549,476.276,6.13,-1.07,4
198,1550,476.881,6.07,-0.51,4
198,1551,477.48,6.07,0.51,4
198,1552,478.085,6.13,1.07,4
198,1553,478.706,6.21,0.57,4
198,1554,479.335,6.25,0.0,4
198,1555,479.96,6.25,0.0,4
198,1556,480.585,6.25,0.0,4
198,1557,481.21,6.25,0.0,4
198,1558,481.835,6.25,0.0,4
198,1559,482.46,6.25,0.0,4
198,1560,483.085,6.25,0.0,4
198,1561,483.71,6.25,0.0,4
198,1562,484.335,6.25,0.0,4
198,1563,484.96,6.25,0.0,4
198,1564,485.585,6.25,0.0,4
198,1565,486.21,6.25,0.0,4
198,1566,486.835,6.25,0.0,4
198,1567,487.46,6.25,0.0,4
198,1568,488.085,6.25,0.0,4
198,1569,488.71,6.25,0.03,4
198,1570,489.336,6.24,-0.17,4
198,1571,489.962,6.2,-0.52,4
198,1572,490.573,6.22,0.49,4
198,1578,495.396,9.99,1.1,4
198,1579,496.412,10.05,-0.39,4
198,1580,497.414,10.01,-0.23,4
198,1581,498.413,10.0,0.0,4
198,1582,499.412,10.0,0.0,4
198,1583,500.412,10.0,0.0,4
198,1584,501.412,10.0,0.0,4
198,1585,502.412,10.0,0.0,4
198,1586,503.412,10.0,0.0,4
198,1587,504.412,10.0,0.0,4
198,1588,505.412,10.0,0.0,4
198,1589,506.412,10.0,0.0,4
198,1590,507.412,10.0,0.0,4
198,1591,508.412,10.0,0.0,4
198,1592,509.412,10.0,0.0,4
198,1593,510.412,10.0,0.0,4
198,1594,511.413,10.0,0.0,4
198,1595,512.412,10.0,0.0,4
198,1596,513.412,10.0,0.0,4
198,1597,514.412,10.0,0.0,4
198,1598,515.412,10.0,0.0,4
198,1599,516.412,10.0,0.0,4
198,1600,517.412,10.0,0.0,4
198,1601,518.41,10.02,0.26,4
198,1602,519.414,10.04,0.24,4
198,1603,520.428,9.96,-1.3,4
198,1611,527.41,9.29,-0.23,4
198,1614,530.075,8.76,2.6,4
198,1617,532.894,9.95,1.56,4
198,1618,533.916,9.98,-1.11,4
198,1619,534.914,9.84,-1.9,4
198,1620,535.882,9.73,-0.79,4
198,1621,536.841,9.73,0.79,4
198,1622,537.811,9.82,1.64,4
198,1623,538.805,9.95,0.88,4
198,1624,539.811,10.0,0.0,4
198,1625,540.811,10.0,0.0,4
198,1626,541.811,10.0,0.0,4
198,1627,542.811,10.0,0.0,4
198,1628,543.811,10.0,0.0,4
198,1629,544.812,9.98,-0.25,4
198,1630,545.81,9.95,-0.37,4
198,1631,546.79,10.05,1.66,4
198,1637,554.29,14.95,1.65,4
198,1638,555.81,15.05,-0.37,4
198,1639,557.312,15.02,-0.25,4
198,1640,558.811,15.0,0.0,4
198,1641,560.311,15.0,0.0,4
198,1642,561.811,15.0,0.0,4
198,1643,563.311,15.0,0.0,4
198,1644,564.812,14.98,-0.26,4
198,1645,566.31,14.95,-0.37,4
198,1646,567.79,15.05,1.68,4
198,1652,578.289,19.79,0.35,4
198,1653,580.285,19.78,-1.45,4
198,1654,582.25,19.68,-0.51,4
198,1655,584.21,19.66,0.27,4
198,1656,586.177,19.68,0.21,4
198,1657,588.148,19.69,-0.08,4
198,1658,590.117,19.68,-0.14,4
198,1659,592.083,19.67,-0.04,4
198,1660,594.05,19.67,-0.02,4
198,1661,596.016,19.66,0.0,4
198,1662,597.982,19.67,0.02,4
198,1663,599.949,19.67,0.02,4
198,1664,601.916,19.67,0.0,4
198,1665,603.883,19.67,-0.02,4
198,1666,605.85,19.67,-0.02,4
198,1667,607.816,19.66,0.0,4
198,1668,609.782,19.67,0.02,4
198,1669,611.747,19.69,0.34,4
198,1670,613.716,19.73,0.59,4
198,1671,615.694,19.76,0.26,4
198,1672,617.675,19.76,-0.3,4
198,1673,619.652,19.73,-0.59,4
198,1674,621.621,19.68,-0.3,4
198,1675,623.585,19.67,0.0,4
198,1676,625.552,19.67,0.0,4
198,1677,627.519,19.67,0.0,4
198,1678,629.485,19.67,0.0,4
198,1679,631.451,19.68,0.15,4
198,1680,633.419,19.7,0.26,4
198,1681,635.396,19.67,-0.61,4
198,1687,646.345,16.83,-0.6,4
198,1688,648.019,16.8,0.28,4
198,1689,649.701,16.83,0.14,4
198,1690,651.386,16.83,0.0,4
198,1691,653.069,16.83,0.0,4
198,1692,654.752,16.83,0.0,4
198,1693,656.435,16.83,0.0,4
198,1694,658.122,16.8,-0.53,4
198,1695,659.802,16.72,-0.99,4
198,1696,661.467,16.67,-0.47,4
198,1697,663.126,16.67,0.48,4
198,1698,664.791,16.72,0.98,4
198,1699,666.471,16.8,0.53,4
198,1700,668.158,16.83,0.0,4
198,1701,669.841,16.83,0.0,4
198,1702,671.525,16.84,0.0,4
198,1703,673.208,16.83,-0.02,4
198,1704,674.891,16.83,0.0,4
198,1705,676.575,16.83,0.0,4
198,1706,678.258,16.83,0.0,4
198,1707,679.941,16.83,0.0,4
198,1708,681.625,16.83,0.0,4
198,1709,683.308,16.83,-0.07,4
198,1710,684.991,16.82,-0.12,4
198,1711,686.67,16.84,0.31,4
198,1712,688.345,16.96,1.87,4
198,1717,697.419,19.31,1.6,4
198,1718,699.369,19.41,0.07,4
198,1719,701.313,19.41,-0.2,4
198,1720,703.251,19.39,-0.03,4
198,1721,705.19,19.39,0.0,4
198,1722,707.131,19.38,-0.23,4
198,1723,709.068,19.35,-0.41,4
198,1724,710.998,19.33,0.0,4
198,1725,712.925,19.39,1.09,4
198,1726,714.862,19.55,2.12,4
198,1727,716.827,19.75,2.13,4
198,1728,718.818,19.91,1.24,4
198,1729,720.822,19.99,0.31,4
198,1730,722.826,20.01,-0.09,4
198,1731,724.826,20.0,-0.06,4
198,1732,726.836,19.91,-1.49,4
198,1733,728.826,19.69,-2.79,4
198,1734,730.774,19.54,-1.33,4
198,1735,732.706,19.54,1.35,4
198,1736,734.654,19.7,2.79,4
198,1737,736.645,19.91,1.48,4
198,1738,738.655,20.0,0.0,4
198,1739,740.655,20.0,0.0,4
198,1740,742.655,20.0,0.0,4
198,1741,744.655,20.0,0.0,4
198,1742,746.655,20.0,0.0,4
198,1743,748.655,20.0,0.0,4
198,1744,750.655,20.0,0.0,4
198,1745,752.655,20.0,0.0,4
198,1746,754.655,20.0,0.0,4
198,1747,756.655,20.0,0.0,4
198,1748,758.655,20.0,0.0,4
198,1749,760.655,20.0,0.0,4
198,1750,762.655,20.0,0.0,4
198,1751,764.655,20.0,0.0,4
198,1752,766.655,20.0,0.0,4
198,1753,768.655,20.0,0.0,4
198,1754,770.655,20.0,0.0,4
198,1755,772.655,20.0,0.0,4
198,1756,774.655,20.0,0.0,4
198,1757,776.655,20.0,0.0,4
198,1758,778.655,20.0,0.0,4
198,1759,780.655,20.0,0.0,4
198,1760,782.655,20.0,0.0,4
198,1761,784.662,19.93,-1.06,4
198,1762,786.655,19.78,-1.98,4
198,1763,788.618,19.67,-0.95,4
198,1764,790.57,19.67,0.95,4
198,1765,792.533,19.78,1.98,4
198,1766,794.526,19.93,1.06,4
198,1767,796.533,20.0,0.0,4
198,1768,798.533,20.0,0.0,4
198,1769,800.533,20.0,0.0,4
198,1770,802.533,20.0,0.0,4
198,1771,804.533,20.0,0.0,4
198,1772,806.533,20.0,0.0,4
198,1773,808.532,20.0,0.0,4
198,1774,810.532,20.0,0.0,4
198,1775,812.532,20.0,0.0,4
198,1776,814.532,20.0,0.0,4
198,1777,816.53,20.02,0.25,4
198,1778,818.533,20.05,0.38,4
198,1779,820.552,19.95,-1.65,4
198,1785,831.052,15.05,-1.66,4
198,1786,832.533,14.96,0.38,4
198,1787,834.03,14.99,0.27,4
198,1788,835.533,15.0,-0.03,4
198,1789,837.047,14.87,-2.13,4
198,1791,839.959,14.33,-2.08,4
198,1792,841.361,14.31,1.56,4
198,1794,844.258,14.77,1.97,4
198,1795,845.76,14.9,0.02,4
198,1796,847.25,14.9,0.02,4
198,1797,848.74,14.9,0.0,4
198,1798,850.23,14.9,-0.03,4
198,1799,851.719,14.89,0.0,4
198,1800,853.209,14.89,0.0,4
198,1801,854.698,14.9,0.03,4
198,1802,856.188,14.9,0.0,4
198,1803,857.678,14.9,0.0,4
198,1804,859.168,14.9,0.0,4
198,1805,860.657,14.9,0.05,4
198,1806,862.147,14.9,0.04,4
198,1807,863.64,14.88,-0.34,4
198,1808,865.131,14.82,-0.95,4
198,1809,866.609,14.72,-1.14,4
198,1810,868.071,14.66,-0.37,4
198,1811,869.526,14.68,0.89,4
198,1812,870.994,14.79,1.49,4
198,1813,872.483,14.91,1.11,4
198,1814,873.984,14.99,0.38,4
198,1815,875.488,15.01,-0.05,4
198,1816,876.989,15.0,-0.08,4
198,1817,878.489,15.0,-0.02,4
198,1818,879.988,15.0,0.0,4
198,1819,881.488,15.0,0.0,4
198,1822,885.863,14.12,-1.06,4
198,1828,896.12,19.95,1.65,4
198,1829,898.139,20.05,-0.38,4
198,1830,900.142,20.02,-0.24,4
198,1831,902.14,20.0,0.0,4
198,1832,904.14,20.0,0.0,4
198,1833,906.14,20.0,0.0,4
198,1834,908.142,19.98,-0.26,4
198,1835,910.139,19.95,-0.36,4
198,1836,912.12,20.05,1.67,4
198,1842,925.62,24.95,1.66,4
198,1843,928.139,25.05,-0.37,4
198,1844,930.642,25.02,-0.25,4
198,1845,933.14,25.0,0.0,4
198,1846,935.64,25.01,0.07,4
198,1847,938.14,25.01,0.12,4
198,1848,940.644,25.01,-0.17,4
198,1849,943.149,24.94,-0.97,4
198,1850,945.643,24.82,-1.59,4
198,1851,948.115,24.7,-1.13,4
198,1852,950.57,24.67,0.39,4
198,1853,953.03,24.76,1.58,4
198,1854,955.514,24.89,1.43,4
198,1855,958.014,25.01,0.8,4
198,1856,960.523,25.07,0.28,4
198,1857,963.045,24.96,-1.81,4
198,1863,976.545,20.05,-1.66,4
198,1864,978.525,19.95,0.37,4
198,1865,980.523,19.98,0.25,4
198,1866,982.525,20.0,0.0,4
198,1867,984.525,20.0,0.0,4
198,1868,986.524,20.0,0.0,4
198,1869,988.524,20.0,0.0,4
198,1870,990.524,20.0,0.0,4
198,1871,992.524,20.0,0.0,4
198,1872,994.525,20.0,0.0,4
198,1873,996.525,20.0,0.0,4
198,1874,998.524,20.0,0.0,4
198,1875,"1,000.524",20.0,0.0,4
198,1876,"1,002.525",20.0,0.0,4
198,1877,"1,004.525",20.0,0.0,4
198,1878,"1,006.525",20.0,0.0,4
198,1879,"1,008.525",20.0,0.0,4
198,1880,"1,010.524",20.0,0.0,4
198,1881,"1,012.525",20.0,0.0,4
198,1882,"1,014.536",19.9,-1.66,4
198,1884,"1,018.467",19.49,-1.5,4
198,1885,"1,020.392",19.49,1.48,4
198,1887,"1,024.322",19.9,1.66,4
198,1888,"1,026.334",20.0,0.0,4
198,1889,"1,028.332",20.02,0.27,4
198,1890,"1,030.334",20.05,0.38,4
198,1891,"1,032.354",19.95,-1.66,4
198,1897,"1,042.854",15.05,-1.66,4
198,1898,"1,044.334",14.95,0.39,4
198,1899,"1,045.83",15.0,0.53,4
198,1900,"1,047.334",15.05,0.37,4
198,1901,"1,048.854",14.95,-1.67,4
198,1907,"1,056.356",10.03,-1.92,4
198,1908,"1,057.335",9.9,-0.17,4
198,1909,"1,058.325",9.87,-0.39,4
198,1910,"1,059.311",9.83,-0.49,4
198,1911,"1,060.29",9.79,-0.22,4
198,1912,"1,061.267",9.78,-0.03,4
198,1913,"1,062.244",9.78,0.03,4
198,1914,"1,063.222",9.78,0.0,4
198,1915,"1,064.201",9.78,0.0,4
198,1916,"1,065.179",9.78,0.0,4
198,1917,"1,066.157",9.78,0.0,4
198,1918,"1,067.136",9.78,0.0,4
198,1919,"1,068.114",9.78,0.0,4
198,1920,"1,069.092",9.78,0.0,4
198,1921,"1,070.07",9.78,0.0,4
198,1922,"1,071.049",9.78,0.0,4
198,1923,"1,072.027",9.78,0.0,4
198,1924,"1,073.005",9.78,0.0,4
198,1925,"1,073.984",9.78,0.0,4
198,1926,"1,074.962",9.78,0.0,4
198,1927,"1,075.94",9.78,0.0,4
198,1928,"1,076.918",9.78,0.0,4
198,1929,"1,077.896",9.78,0.0,4
198,1930,"1,078.874",9.78,0.0,4
198,1931,"1,079.853",9.78,0.0,4
198,1932,"1,080.831",9.78,0.0,4
198,1933,"1,081.809",9.78,0.0,4
198,1934,"1,082.788",9.78,0.0,4
198,1935,"1,083.766",9.78,0.0,4
198,1936,"1,084.744",9.78,-0.03,4
198,1937,"1,085.722",9.78,0.04,4
198,1938,"1,086.699",9.8,0.24,4
198,1939,"1,087.678",9.84,0.51,4
198,1940,"1,088.664",9.89,0.64,4
198,1941,"1,089.657",9.95,0.5,4
198,1942,"1,090.655",9.98,0.25,4
198,1943,"1,091.656",10.0,0.06,4
198,1944,"1,092.657",10.0,0.0,4
198,1945,"1,093.659",9.99,-0.27,4
198,1946,"1,094.657",9.95,-0.38,4
198,1947,"1,095.637",10.05,1.65,4
198,1953,"1,103.137",14.95,1.65,4
198,1954,"1,104.657",15.05,-0.38,4
198,1955,"1,106.159",15.02,-0.25,4
198,1956,"1,107.658",15.0,0.0,4
198,1957,"1,109.158",15.0,0.0,4
198,1958,"1,110.658",15.0,0.0,4
198,1959,"1,112.158",15.0,0.0,4
198,1960,"1,113.658",15.0,0.0,4
198,1961,"1,115.158",15.0,0.0,4
198,1962,"1,116.658",15.0,0.0,4
198,1963,"1,118.158",15.0,0.0,4
198,1964,"1,119.668",14.9,-1.52,4
198,1965,"1,121.158",14.69,-2.86,4
198,1966,"1,122.605",14.53,-1.37,4
198,1967,"1,124.035",14.53,1.37,4
198,1968,"1,125.481",14.69,2.86,4
198,1969,"1,126.971",14.91,1.53,4
198,1970,"1,128.482",15.0,0.0,4
198,1971,"1,129.982",15.0,-0.03,4
198,1972,"1,131.482",14.99,-0.07,4
198,1973,"1,132.98",15.0,0.13,4
198,1974,"1,134.477",15.05,0.75,4
198,1975,"1,135.98",15.16,1.52,4
198,1976,"1,137.501",15.33,1.89,4
198,1977,"1,139.045",15.49,1.53,4
198,1978,"1,140.607",15.6,0.75,4
198,1979,"1,142.175",15.65,0.13,4
198,1980,"1,143.743",15.66,-0.07,4
198,1981,"1,145.308",15.65,-0.03,4
198,1982,"1,146.873",15.65,0.0,4
198,1983,"1,148.439",15.65,0.0,4
198,1984,"1,150.004",15.65,0.0,4
198,1985,"1,151.569",15.65,0.0,4
198,1986,"1,153.134",15.65,0.0,4
198,1987,"1,154.7",15.65,0.0,4
198,1988,"1,156.265",15.65,0.0,4
198,1989,"1,157.83",15.65,0.0,4
198,1990,"1,159.396",15.65,0.0,4
198,1991,"1,160.961",15.65,0.0,4
198,1992,"1,162.527",15.65,0.0,4
198,1993,"1,164.092",15.65,0.0,4
198,1994,"1,165.657",15.65,0.04,4
198,1995,"1,167.222",15.66,0.07,4
198,1996,"1,168.79",15.65,-0.15,4
198,1997,"1,170.358",15.6,-0.76,4
198,1998,"1,171.918",15.5,-1.27,4
198,1999,"1,173.466",15.36,-1.65,4
198,2000,"1,175.001",15.12,-2.82,4
198,2007,"1,183.712",9.8,0.63,4
198,2008,"1,184.688",9.88,1.26,4
198,2009,"1,185.691",9.96,0.23,4
198,2010,"1,186.687",9.98,0.25,4
198,2011,"1,187.689",10.0,0.0,4
198,2012,"1,188.689",10.0,0.0,4
198,2013,"1,189.689",10.0,0.0,4
198,2014,"1,190.691",9.99,-0.27,4
198,2015,"1,191.686",9.98,0.0,4
198,2016,"1,192.676",10.06,1.27,4
198,2017,"1,193.679",10.25,2.63,4
198,2021,"1,198.145",12.12,2.6,4
198,2026,"1,203.694",9.94,0.16,4
198,2027,"1,204.686",9.97,0.51,4
198,2028,"1,205.689",10.0,0.0,4
198,2029,"1,206.689",10.0,0.0,4
198,2030,"1,207.689",10.0,0.0,4
198,2031,"1,208.689",10.0,0.0,4
198,2032,"1,209.689",10.0,0.0,4
198,2033,"1,210.689",10.0,0.0,4
198,2034,"1,211.689",10.0,0.0,4
198,2035,"1,212.689",10.0,0.0,4
198,2036,"1,213.691",9.98,-0.27,4
198,2037,"1,214.688",9.96,-0.24,4
198,2038,"1,215.673",10.04,1.3,4
198,2046,"1,225.673",14.96,1.3,4
198,2047,"1,227.187",15.04,-0.21,4
198,2048,"1,228.691",15.02,-0.24,4
198,2049,"1,230.189",15.0,0.0,4
198,2050,"1,231.689",15.0,0.0,4
198,2051,"1,233.191",14.99,-0.26,4
198,2052,"1,234.688",14.96,-0.24,4
198,2053,"1,236.174",15.04,1.29,4
198,2065,"1,259.478",24.34,1.2,4
198,2066,"1,261.931",24.4,-0.41,4
198,2067,"1,264.361",24.43,0.72,4
198,2068,"1,266.802",24.55,1.76,4
198,2069,"1,269.27",24.65,0.84,4
198,2070,"1,271.749",24.65,-0.84,4
198,2071,"1,274.217",24.55,-1.76,4
198,2072,"1,276.659",24.41,-0.95,4
198,2073,"1,279.088",24.35,0.0,4
198,2074,"1,281.523",24.35,0.0,4
198,2075,"1,283.959",24.36,0.0,4
198,2076,"1,286.394",24.36,0.0,4
198,2077,"1,288.83",24.35,-0.04,4
198,2078,"1,291.265",24.35,-0.07,4
198,2079,"1,293.699",24.35,0.13,4
198,2080,"1,296.131",24.4,0.75,4
198,2081,"1,298.57",24.52,1.52,4
198,2082,"1,301.026",24.68,1.88,4
198,2083,"1,303.505",24.84,1.51,4
198,2084,"1,306.002",24.95,0.73,4
198,2085,"1,308.505",25.0,0.13,4
198,2086,"1,311.006",25.02,0.19,4
198,2087,"1,313.509",25.04,0.2,4
198,2088,"1,316.025",24.95,-1.55,4
198,2091,"1,323.346",23.79,-2.37,4
198,2092,"1,325.688",23.72,1.5,4
198,2093,"1,328.075",23.7,-0.27,4
198,2096,"1,335.004",22.57,0.13,4
198,2099,"1,342.006",24.12,0.24,4
198,2103,"1,351.187",22.03,1.65,4
198,2104,"1,353.392",22.13,1.96,4
198,2105,"1,355.642",22.07,-2.65,4
198,2109,"1,364.069",20.21,-1.8,4
198,2110,"1,366.074",20.08,-0.82,4
198,2111,"1,368.074",20.02,-0.3,4
198,2112,"1,370.072",20.0,0.0,4
198,2113,"1,372.072",20.0,0.0,4
198,2114,"1,374.072",20.0,0.0,4
198,2115,"1,376.072",20.0,0.0,4
198,2116,"1,378.072",20.0,0.0,4
198,2117,"1,380.073",20.0,0.0,4
198,2118,"1,382.073",20.0,0.0,4
198,2119,"1,384.073",20.0,0.0,4
198,2120,"1,386.073",20.0,0.0,4
198,2121,"1,388.073",20.0,0.0,4
198,2122,"1,390.072",20.0,0.0,4
198,2123,"1,392.072",20.0,0.0,4
198,2124,"1,394.072",20.0,0.0,4
198,2125,"1,396.072",20.0,0.0,4
198,2126,"1,398.072",20.0,0.0,4
198,2127,"1,400.072",20.0,0.0,4
198,2128,"1,402.072",20.0,0.0,4
198,2129,"1,404.07",20.02,0.26,4
198,2130,"1,406.074",20.04,0.24,4
198,2131,"1,408.09",19.95,-1.56,4
198,2134,"1,413.909",18.76,-2.61,4
198,2137,"1,419.572",19.25,0.0,4
198,2140,"1,425.235",18.76,2.62,4
198,2143,"1,431.054",19.95,1.55,4
198,2144,"1,433.07",20.04,-0.23,4
198,2145,"1,435.074",20.02,-0.25,4
198,2146,"1,437.075",19.97,-0.49,4
198,2147,"1,439.072",19.9,-0.91,4
198,2148,"1,441.055",19.85,-0.44,4
198,2149,"1,443.033",19.85,0.44,4
198,2150,"1,445.018",19.88,0.66,4
198,2151,"1,447.012",19.92,0.12,4
198,2152,"1,448.997",20.04,1.49,4
198,2156,"1,457.503",22.53,1.33,4
198,2159,"1,464.196",22.01,0.83,4
198,2162,"1,470.881",22.81,2.87,4
198,2163,"1,473.178",23.04,2.36,4
198,2164,"1,475.501",23.23,1.29,4
198,2165,"1,477.828",23.42,1.81,4
198,2168,"1,485.031",24.17,-1.91,4
198,2177,"1,505.517",22.6,0.0,4
198,2182,"1,517.018",22.59,-0.25,4
198,2185,"1,523.948",23.69,0.24,4
198,2186,"1,526.334",23.72,-1.39,4
198,2187,"1,528.675",23.83,2.86,4
198,2191,"1,538.628",25.69,0.97,4
198,2192,"1,541.215",25.7,-1.01,4
198,2193,"1,543.786",25.59,-1.68,4
198,2194,"1,546.333",25.47,-0.88,4
198,2195,"1,548.868",25.41,0.0,4
198,2196,"1,551.409",25.41,-0.02,4
198,2197,"1,553.95",25.41,0.0,4
198,2198,"1,556.49",25.41,0.0,4
198,2199,"1,559.031",25.41,0.0,4
198,2200,"1,561.57",25.43,0.3,4
198,2201,"1,564.115",25.45,0.18,4
198,2202,"1,566.68",25.27,-2.88,4
198,2209,"1,581.619",17.97,-2.91,4
198,2210,"1,583.391",17.81,-1.29,4
198,2214,"1,590.774",19.29,-0.23,4
198,2217,"1,596.438",18.71,2.25,4
198,2226,"1,614.457",17.35,-0.36,4
198,2228,"1,617.931",17.81,2.88,4
198,2229,"1,619.741",18.07,0.76,4
198,2233,"1,627.463",20.52,-0.64,4
198,2239,"1,638.245",15.24,0.0,4
198,2240,"1,639.245",15.24,0.0,4
198,2241,"1,640.744",15.24,0.0,4
